{"format": "layers-model", "generatedBy": "keras v2.11.0", "convertedBy": "TensorFlow.js Converter v3.20.0", "modelTopology": {"keras_version": "2.11.0", "backend": "tensorflow", "model_config": {"class_name": "Functional", "config": {"name": "Improved2LSTM_Model", "layers": [{"class_name": "InputLayer", "config": {"batch_input_shape": [null, 40, 225], "dtype": "float32", "sparse": false, "ragged": false, "name": "input_3"}, "name": "input_3", "inbound_nodes": []}, {"class_name": "Conv1D", "config": {"name": "conv1d_1", "trainable": true, "dtype": "float32", "filters": 96, "kernel_size": [5], "strides": [1], "padding": "same", "data_format": "channels_last", "dilation_rate": [1], "groups": 1, "activation": "relu", "use_bias": true, "kernel_initializer": {"class_name": "GlorotUniform", "config": {"seed": null}}, "bias_initializer": {"class_name": "Zeros", "config": {}}, "kernel_regularizer": null, "bias_regularizer": null, "activity_regularizer": null, "kernel_constraint": null, "bias_constraint": null}, "name": "conv1d_1", "inbound_nodes": [[["input_3", 0, 0, {}]]]}, {"class_name": "BatchNormalization", "config": {"name": "batch_normalization_1", "trainable": true, "dtype": "float32", "axis": [2], "momentum": 0.99, "epsilon": 0.001, "center": true, "scale": true, "beta_initializer": {"class_name": "Zeros", "config": {}}, "gamma_initializer": {"class_name": "Ones", "config": {}}, "moving_mean_initializer": {"class_name": "Zeros", "config": {}}, "moving_variance_initializer": {"class_name": "Ones", "config": {}}, "beta_regularizer": null, "gamma_regularizer": null, "beta_constraint": null, "gamma_constraint": null}, "name": "batch_normalization_1", "inbound_nodes": [[["conv1d_1", 0, 0, {}]]]}, {"class_name": "Dropout", "config": {"name": "dropout_7", "trainable": true, "dtype": "float32", "rate": 0.2, "noise_shape": null, "seed": null}, "name": "dropout_7", "inbound_nodes": [[["batch_normalization_1", 0, 0, {}]]]}, {"class_name": "Conv1D", "config": {"name": "conv1d_2", "trainable": true, "dtype": "float32", "filters": 128, "kernel_size": [3], "strides": [1], "padding": "same", "data_format": "channels_last", "dilation_rate": [1], "groups": 1, "activation": "relu", "use_bias": true, "kernel_initializer": {"class_name": "GlorotUniform", "config": {"seed": null}}, "bias_initializer": {"class_name": "Zeros", "config": {}}, "kernel_regularizer": null, "bias_regularizer": null, "activity_regularizer": null, "kernel_constraint": null, "bias_constraint": null}, "name": "conv1d_2", "inbound_nodes": [[["dropout_7", 0, 0, {}]]]}, {"class_name": "BatchNormalization", "config": {"name": "batch_normalization_2", "trainable": true, "dtype": "float32", "axis": [2], "momentum": 0.99, "epsilon": 0.001, "center": true, "scale": true, "beta_initializer": {"class_name": "Zeros", "config": {}}, "gamma_initializer": {"class_name": "Ones", "config": {}}, "moving_mean_initializer": {"class_name": "Zeros", "config": {}}, "moving_variance_initializer": {"class_name": "Ones", "config": {}}, "beta_regularizer": null, "gamma_regularizer": null, "beta_constraint": null, "gamma_constraint": null}, "name": "batch_normalization_2", "inbound_nodes": [[["conv1d_2", 0, 0, {}]]]}, {"class_name": "Dropout", "config": {"name": "dropout_8", "trainable": true, "dtype": "float32", "rate": 0.25, "noise_shape": null, "seed": null}, "name": "dropout_8", "inbound_nodes": [[["batch_normalization_2", 0, 0, {}]]]}, {"class_name": "Bidirectional", "config": {"name": "bidirectional_4", "trainable": true, "dtype": "float32", "layer": {"class_name": "LSTM", "config": {"name": "lstm_4", "trainable": true, "dtype": "float32", "return_sequences": true, "return_state": false, "go_backwards": false, "stateful": false, "unroll": false, "time_major": false, "units": 64, "activation": "tanh", "recurrent_activation": "sigmoid", "use_bias": true, "kernel_initializer": {"class_name": "GlorotUniform", "config": {"seed": null}, "shared_object_id": 19}, "recurrent_initializer": {"class_name": "Orthogonal", "config": {"gain": 1.0, "seed": null}, "shared_object_id": 20}, "bias_initializer": {"class_name": "Zeros", "config": {}, "shared_object_id": 21}, "unit_forget_bias": true, "kernel_regularizer": null, "recurrent_regularizer": null, "bias_regularizer": null, "activity_regularizer": null, "kernel_constraint": null, "recurrent_constraint": null, "bias_constraint": null, "dropout": 0.2, "recurrent_dropout": 0.1, "implementation": 1}}, "merge_mode": "concat"}, "name": "bidirectional_4", "inbound_nodes": [[["dropout_8", 0, 0, {}]]]}, {"class_name": "Dropout", "config": {"name": "dropout_9", "trainable": true, "dtype": "float32", "rate": 0.25, "noise_shape": null, "seed": null}, "name": "dropout_9", "inbound_nodes": [[["bidirectional_4", 0, 0, {}]]]}, {"class_name": "Bidirectional", "config": {"name": "bidirectional_5", "trainable": true, "dtype": "float32", "layer": {"class_name": "LSTM", "config": {"name": "lstm_5", "trainable": true, "dtype": "float32", "return_sequences": false, "return_state": false, "go_backwards": false, "stateful": false, "unroll": false, "time_major": false, "units": 48, "activation": "tanh", "recurrent_activation": "sigmoid", "use_bias": true, "kernel_initializer": {"class_name": "GlorotUniform", "config": {"seed": null}, "shared_object_id": 26}, "recurrent_initializer": {"class_name": "Orthogonal", "config": {"gain": 1.0, "seed": null}, "shared_object_id": 27}, "bias_initializer": {"class_name": "Zeros", "config": {}, "shared_object_id": 28}, "unit_forget_bias": true, "kernel_regularizer": null, "recurrent_regularizer": null, "bias_regularizer": null, "activity_regularizer": null, "kernel_constraint": null, "recurrent_constraint": null, "bias_constraint": null, "dropout": 0.2, "recurrent_dropout": 0.1, "implementation": 1}}, "merge_mode": "concat"}, "name": "bidirectional_5", "inbound_nodes": [[["dropout_9", 0, 0, {}]]]}, {"class_name": "Dropout", "config": {"name": "dropout_10", "trainable": true, "dtype": "float32", "rate": 0.3, "noise_shape": null, "seed": null}, "name": "dropout_10", "inbound_nodes": [[["bidirectional_5", 0, 0, {}]]]}, {"class_name": "Dense", "config": {"name": "dense_4", "trainable": true, "dtype": "float32", "units": 64, "activation": "relu", "use_bias": true, "kernel_initializer": {"class_name": "GlorotUniform", "config": {"seed": null}}, "bias_initializer": {"class_name": "Zeros", "config": {}}, "kernel_regularizer": null, "bias_regularizer": null, "activity_regularizer": null, "kernel_constraint": null, "bias_constraint": null}, "name": "dense_4", "inbound_nodes": [[["dropout_10", 0, 0, {}]]]}, {"class_name": "Dropout", "config": {"name": "dropout_11", "trainable": true, "dtype": "float32", "rate": 0.4, "noise_shape": null, "seed": null}, "name": "dropout_11", "inbound_nodes": [[["dense_4", 0, 0, {}]]]}, {"class_name": "Dense", "config": {"name": "dense_5", "trainable": true, "dtype": "float32", "units": 20, "activation": "softmax", "use_bias": true, "kernel_initializer": {"class_name": "GlorotUniform", "config": {"seed": null}}, "bias_initializer": {"class_name": "Zeros", "config": {}}, "kernel_regularizer": null, "bias_regularizer": null, "activity_regularizer": null, "kernel_constraint": null, "bias_constraint": null}, "name": "dense_5", "inbound_nodes": [[["dropout_11", 0, 0, {}]]]}], "input_layers": [["input_3", 0, 0]], "output_layers": [["dense_5", 0, 0]]}}, "training_config": {"loss": "sparse_categorical_crossentropy", "metrics": [[{"class_name": "MeanMetricWrapper", "config": {"name": "sparse_categorical_accuracy", "dtype": "float32", "fn": "sparse_categorical_accuracy"}}]], "weighted_metrics": null, "loss_weights": null, "optimizer_config": {"class_name": "Custom>Adam", "config": {"name": "Adam", "weight_decay": null, "clipnorm": null, "global_clipnorm": null, "clipvalue": null, "use_ema": false, "ema_momentum": 0.99, "ema_overwrite_frequency": null, "jit_compile": false, "is_legacy_optimizer": false, "learning_rate": 4.1177147068083286e-05, "beta_1": 0.9, "beta_2": 0.999, "epsilon": 1e-07, "amsgrad": false}}}}, "weightsManifest": [{"paths": ["group1-shard1of1.bin"], "weights": [{"name": "batch_normalization_1/gamma", "shape": [96], "dtype": "float32"}, {"name": "batch_normalization_1/beta", "shape": [96], "dtype": "float32"}, {"name": "batch_normalization_1/moving_mean", "shape": [96], "dtype": "float32"}, {"name": "batch_normalization_1/moving_variance", "shape": [96], "dtype": "float32"}, {"name": "batch_normalization_2/gamma", "shape": [128], "dtype": "float32"}, {"name": "batch_normalization_2/beta", "shape": [128], "dtype": "float32"}, {"name": "batch_normalization_2/moving_mean", "shape": [128], "dtype": "float32"}, {"name": "batch_normalization_2/moving_variance", "shape": [128], "dtype": "float32"}, {"name": "bidirectional_4/forward_lstm_4/lstm_cell_1/kernel", "shape": [128, 256], "dtype": "float32"}, {"name": "bidirectional_4/forward_lstm_4/lstm_cell_1/recurrent_kernel", "shape": [64, 256], "dtype": "float32"}, {"name": "bidirectional_4/forward_lstm_4/lstm_cell_1/bias", "shape": [256], "dtype": "float32"}, {"name": "bidirectional_4/backward_lstm_4/lstm_cell_2/kernel", "shape": [128, 256], "dtype": "float32"}, {"name": "bidirectional_4/backward_lstm_4/lstm_cell_2/recurrent_kernel", "shape": [64, 256], "dtype": "float32"}, {"name": "bidirectional_4/backward_lstm_4/lstm_cell_2/bias", "shape": [256], "dtype": "float32"}, {"name": "bidirectional_5/forward_lstm_5/lstm_cell_4/kernel", "shape": [128, 192], "dtype": "float32"}, {"name": "bidirectional_5/forward_lstm_5/lstm_cell_4/recurrent_kernel", "shape": [48, 192], "dtype": "float32"}, {"name": "bidirectional_5/forward_lstm_5/lstm_cell_4/bias", "shape": [192], "dtype": "float32"}, {"name": "bidirectional_5/backward_lstm_5/lstm_cell_5/kernel", "shape": [128, 192], "dtype": "float32"}, {"name": "bidirectional_5/backward_lstm_5/lstm_cell_5/recurrent_kernel", "shape": [48, 192], "dtype": "float32"}, {"name": "bidirectional_5/backward_lstm_5/lstm_cell_5/bias", "shape": [192], "dtype": "float32"}, {"name": "conv1d_1/kernel", "shape": [5, 225, 96], "dtype": "float32"}, {"name": "conv1d_1/bias", "shape": [96], "dtype": "float32"}, {"name": "conv1d_2/kernel", "shape": [3, 96, 128], "dtype": "float32"}, {"name": "conv1d_2/bias", "shape": [128], "dtype": "float32"}, {"name": "dense_4/kernel", "shape": [96, 64], "dtype": "float32"}, {"name": "dense_4/bias", "shape": [64], "dtype": "float32"}, {"name": "dense_5/kernel", "shape": [64, 20], "dtype": "float32"}, {"name": "dense_5/bias", "shape": [20], "dtype": "float32"}]}]}